时间,评分,版本,标题,内容
2026-04-27T04:12:04-07:00,1,9.28,我,女生好贱
2026-04-27T04:11:46-07:00,1,9.28,莫名被限制,经常莫名被删评禁言 已经很久了
2026-04-27T04:05:00-07:00,1,9.28,汤,谢谢了啊滚滚滚
2026-04-27T03:51:31-07:00,1,9.28,女性最多的app最爱bro,吃着女人的饭砸女人的碗，666
2026-04-27T03:42:03-07:00,5,9.28,小红书的代发超过了一堆人,这评论都是装的，一堆乐
2026-04-27T03:18:21-07:00,1,9.28,客服处理商家问题超慢,商家客服处理退费问题超慢，拖了一个星期依旧未解决
2026-04-27T03:17:30-07:00,1,9.28,永久限流申诉得不到确切答案,永久限流后，我申诉过，打过人工客服，官方顾问也私聊问了，每一个人给出的限流理由都不一样，我请问到底哪个是真的？其次，最后得到了一个理由 叫做该类目平台不再支持了，我搞不明白其他同类目创作者都好好的，为什么小博主被按死了？ 小红书最好给我一个说法，你们让我太气愤了，得不到明确答案就被莫名其妙限流，你就是这样对待创作者的？？？？
2026-04-27T03:13:19-07:00,1,9.28,不尊重创作者,封号限流后还白嫖我流量，浪费我时间，注销了
2026-04-27T03:07:52-07:00,5,9.28,满分,满分！！
2026-04-27T03:03:42-07:00,1,9.28,无故封号,买了东西以后封号很恶心，售后都没了，尽量不要在他家买东西
2026-04-27T03:00:14-07:00,1,9.28,这是一个三观扭曲的平台,这是一个三观扭曲的平台
2026-04-27T02:42:26-07:00,5,9.28,是不是有人给小红书刷好评了？,感觉肯定是有人给小红书刷好评了。个人感觉这个软件里面的用户风评已经臭不可闻了，各种猎奇都会有，甚至有那种三观不正的，带坏小孩子的，也不给封，谁懂那种看着4.9星好评，往下一滑全是一星评价的评论的救赎感😅
2026-04-27T02:32:56-07:00,1,9.28,垃圾软件,莫名其妙封禁账号，封禁理由胡编乱造，客服AI复读，电话打不通，本人几个月未发帖，未互动，账号被永久封禁，封禁账号一刀切，以后再也不会用了，赶紧倒闭吧
2026-04-27T01:02:55-07:00,1,9.28,人为制造焦虑,全是仙女
2026-04-27T00:56:34-07:00,1,9.28,破小红书,动不动就封号，，那些到处@人诈骗的，你咋不封
2026-04-27T00:44:17-07:00,1,9.28,审核是什么极品垃圾,该封的不封，br.心眼就这么小
2026-04-27T00:24:54-07:00,1,9.28,动不动禁言霸凌用户,动不动禁言霸凌用户
2026-04-27T00:01:16-07:00,1,9.28,无缘无故封号,无缘无故就封号，在小红书上认识一个女生，说介绍给我朋友，然后小红书就给我封了，说我引导用户啥的，我都是醉了，倒闭吧
2026-04-26T23:53:47-07:00,1,9.28,莫名其妙被限制,很差！
2026-04-26T23:33:59-07:00,1,9.28,别封号了行吗,天天就封号事逼
2026-04-26T22:20:10-07:00,1,9.28,无缘无故封号,我发啥了就莫名其妙给我封号😂😂别人有问题我回答别人的问题也不行？刚发出去就给我永久封了脑子呢😂😂审核脑子还在吗
2026-04-26T22:13:25-07:00,2,9.28,请小红书适当管理一下群聊内容,群聊的作用是为了大家交流，但是会有一些僵尸号来进群宣传黄色信息、网站等，举报了还会有下一个，希望注意一下谢谢
2026-04-26T22:00:32-07:00,1,9.28,永久封号,就用了一次AI自动发笔记永久封，啥也不说了
2026-04-26T21:45:27-07:00,1,9.28,吃相难看的小红书，早就没了社区底线,"说实话，我从来没想过，一个主打生活分享的社区平台，会滋生出这么多乌烟瘴气的乱象，小红书算是彻底刷新了我的认知。

平台要赚钱本身无可厚非，但它的运营逻辑，完全照搬国产网游最恶心的收割模式：等你用心运营、账号慢慢做起来之后，立刻开始暗地限流。
模糊的违禁词条从不明确公示，内容审核全程显示合规，没有任何违规提醒，却硬生生截断自然流量。用这种阴奉阳违的手段，逼迫创作者氪金买流量、付费投流，赤裸裸收割普通创作者，吃相丑陋又短视。

真正的社区，核心永远是真实分享与良性氛围，而小红书早已彻底本末倒置。
虚假起号、流量骗局、营销号泛滥成灾，软广铺天盖地，平台全程放任不管；
认认真真做原创、做真实分享的普通人和创作者，却处处受限、流量腰斩。所有规则双标对待，只为逼迫用户和创作者为流量买单。

更讽刺的是，我年轻时不懂事，还去面试过小红书。
晚上九点多的面试，临时以高层开会为借口，让求职者在楼下白白苦等一小时，最后只用几句敷衍的话术草草打发。
连对待求职者都毫无尊重，习惯性消耗、打压、PUA员工，对内压榨，对外收割用户与创作者。
这样的企业文化，这样的产品，真的对得起曾经被消耗、被PUA的每一位员工吗？对得起真心信任这个平台的普通用户吗？

如今小红书早已沦为营销卖场，全网所谓攻略、测评，大多是品牌软推和付费广告，客观真实的测评与干货全被掩埋。
单纯想看广告、刷软文，它勉强能用；
但但凡想真诚分享、查找真实参考、安静交流，完全没必要浪费时间。

小红书未必是最烂的平台，但它纵容乱象、双标限流、强行变现、漠视人文底线的风气，早已烂到骨子里。
丢掉初心、耗尽信任的平台，注定只会一步步走向衰败。"
2026-04-26T21:25:48-07:00,2,9.28,何意味,"我最近对你们平台越来越不满意了
发女性主义的视频会被限流被下架 bro相关的就可以了？限流不管 流言蜚语的不管 骂人的不管 就管女性站起来的笔记你想干啥
限流你继续宝子"
2026-04-26T21:13:21-07:00,1,9.28,差,差
2026-04-26T20:57:56-07:00,1,9.28,没有任何原因的警告➕限流,作为一个长期使用的用户，不理解该公司为何无端对用户进行处罚，每一次都给不出具体的理由，并连续三天对同一篇帖子进行处罚，现在说实话就必须被捂嘴是吗？卸载了不用了
2026-04-26T20:27:56-07:00,1,9.28,最小家子气的app,这个app简直有病，老是吞评论，吞他妈撑死你好了
2026-04-26T20:20:30-07:00,4,9.28,建议,给点赞也整个分类吧🙏
2026-04-26T20:15:50-07:00,1,9.28,垃圾软件，就该全民抵制,滚蛋
2026-04-26T19:58:35-07:00,1,9.28,莫名其妙,用的好好的账号突然给我冻结了，跟好友私信都不让。
2026-04-26T19:33:19-07:00,1,9.28,强制实名,强制实名
2026-04-26T18:42:12-07:00,3,9.28,为什么不适配ios26,为什么图标都不适配ios26
2026-04-26T16:38:59-07:00,5,9.27.1,特别好,很好
2026-04-26T15:18:26-07:00,1,9.28,为什么要反复给我推送我已经点过好几次不感兴趣内容不适的内容。,能不能出一个拉黑标签词条的功能。为什么要反复给我推送我点了不喜欢的内容
2026-04-26T10:58:35-07:00,1,9.28,能彻底拉黑不,拉黑了咋还能看见这个人发的东西，能不能拉黑了就别再出现这个人的东西。。。真的很讨厌老是刷到史啊。。
2026-04-26T10:36:44-07:00,1,9.28,乱封号，不想做了就停止运营吧,莫名其妙被封号，把可能相关风险的东西都删了改了，申诉几次还是没用……第一次封的时候，好不容易解封了，我就发了一条纯分享，立刻又被封了……而且一次比一次时间长？申诉是没用的，改动删除也是没用的。估计下次解封之日就是永封之日了。我纯手打做那么多无偿知识科普，免费帮那么多人鉴定科普，你就这样对我哈。不用等你永封，我直接卸载，拜拜，等着你倒闭！
2026-04-26T10:22:18-07:00,5,9.28,可以可以,蛮喜欢的嗯对
2026-04-26T09:51:17-07:00,1,9.28,小说app强制要求看10秒,垃圾
2026-04-26T09:15:40-07:00,1,9.28,无故封号，莫名其妙,我在平台上都没发超过10个帖子，互动更是没多少，封号莫名其妙，也不给具体的违规例子，简直莫名其妙
2026-04-26T08:27:01-07:00,1,9.28,莫名其妙封号,很难理解这个软件的机制，想封号就封了毫无理由，还限制用户注册，动不动就删热度高的帖子，也是奇葩一个了😆
2026-04-26T08:25:01-07:00,1,9.28,乱封账号,真的很差劲的软件，超级超级差劲只是分享自己的减肥日常，没有任何产品 被封零 垃圾垃圾👎👎
2026-04-26T08:23:02-07:00,1,9.28,支付完跳出直播间,垃圾的改版，支付完就跳出了直播间，在抢东西呢，耽误人，多智障的改版，改回来！！！！！！！！
2026-04-26T08:07:50-07:00,1,9.28,卸载小红书了，转去小蜜蜂了,"小红书总是无缘无故的封禁账号，明明啥什么都没有做，账号就突然被封禁了，卸了卸了，这种流氓软件以后不用了，改用网易小蜜蜂了，小蜜蜂加油，省的让小红书上脸
小蜜蜂加油"
2026-04-26T08:01:11-07:00,1,9.28,骗子太多了,真的一星都不想给，骗子骗钱受害者维权还被举报下架了，小红书真是什么人都有
2026-04-26T07:52:50-07:00,1,9.28,封号,垃圾，封的真快，有什么用，自己玩去吧
2026-04-26T07:41:38-07:00,1,9.28,评分全都刷的,妈呀我服了大哥，没消息硬弹消息，半夜睡觉故意弹窗想干嘛
2026-04-26T07:07:33-07:00,1,9.28,宣扬利己主义,未成年用户过多，多半缺乏正确的价值观，利己主义，唯利是图，恶意投诉，敲诈勒索，女权主义、争议话题煽动对立的笔记过多，推送算法过于狭隘，信息壁垒严重。毫无言论自由，恶意举报盛行，平台恶意封号
2026-04-26T06:57:13-07:00,2,9.28,不要随便禁言好不好？,真的是莫名其妙发消息说我被禁言了，然后禁言的时间也不告诉我。那合着就是永远禁言了呗。不是我好好的号，我发什么了呀？有些擦边涉黄或者辱骂的你倒是不禁言专找我禁言是吧？你后台被黑了吗？
2026-04-26T06:32:07-07:00,1,9.28,不要给我推荐不良视频,我要看的视频都没有，有时候看着看着就卡，我真的会谢😭，求求了，不要再给我推荐不良视频了😭
2026-04-26T06:19:28-07:00,1,9.28,靠女性撑起来的平台期，现在背刺女性？,sz这个事情，一再捂嘴，一再封号，禁我言，限我流，br0 help br0是吧？可以，那么多平台我不差你这一个！靠女性支撑起来的平台，现在背刺女性，这有你的，1颗星我都觉得给多了
2026-04-26T06:00:34-07:00,1,9.28,体验很差,总是莫名其妙违规、禁言，还总是申诉失败，拉完了
2026-04-26T05:47:20-07:00,1,9.28,垃圾平台，🦙,无缘无故封号，你看看抖音，快手，平台干部起来是有原因的👎
2026-04-26T05:33:09-07:00,5,9.28,好评,内容很健康
2026-04-26T05:24:08-07:00,1,9.28,垃圾,垃圾桶
2026-04-26T05:20:07-07:00,5,9.27.1,翅的翅煲,挺好的我也不知道写什么
2026-04-26T05:05:41-07:00,1,9.27.1,垃圾有没有一颗星都不给的,垃圾小红书 每天睡醒一堆违规 没钱维护就别老是开算法 垃圾 活该做不起来 活该给人割韭菜 活该！担心什么问题就要去解决什么问题你可以学学人家抖音弄个发布前检测 垃圾垃圾垃圾 每天睡醒就封号 要么你直接封 别当下笔记审核通过 睡醒又直接重复违规 垃圾小红书 活该你没有流量
2026-04-26T04:58:08-07:00,1,9.28,别乱封人号了好吧。,正常的分享东西被说是卖/分享假货 我都没有在小红书挂任何的链接 我哪来的卖假货一说？莫名其妙就把我号封了 申诉了也是秒驳回 看都不看 刚申诉完回头一看申诉失败 人工客服也不知道是干嘛的 和他解释了一堆就给你来一句账号有违规 不让你申诉 用了两三年的小红书账号只能注销重新注册一个 我真搞不懂这个小红书到底要干什么 动不动就封号 是嫌用你的人太多吗？这么多差评 这么多人指出了这个问题 跟瞎了一样 就是不处理
2026-04-26T04:50:22-07:00,5,9.27.1,可以,可以
2026-04-26T04:46:00-07:00,1,9.28,破平台,动不动就封号，早点倒闭吧
2026-04-26T04:28:49-07:00,1,9.28,小红书已跑路,小红书已跑路
2026-04-26T04:22:57-07:00,1,9.28,无缘无故封号,神人软件
2026-04-26T04:18:25-07:00,1,9.28,莫名其妙封号啥意思,我真的服了，我到底干嘛了，莫名其妙就给我封号，啥意思😡我发的作品全部都很正常也不存在违规风险啊🥲人物衣服穿的好好的，没有脏话台词或者低俗行为，本身就是娱乐为主，也只下了一年不到就给我永久封号，还开不了新账号，好不容易养好的号又要重开，想要解锁还得人脸识别，一套流程下来还不一定能回到以前的流量🙄之前发过消息就是说什么账号之间互动太频繁，我都是看到哪个好看点哪个，我咋记得是不是同一个号？
2026-04-26T04:17:23-07:00,1,9.28,小红书你正常点,那些擦bian   情趣你不封 你封那些可爱妹子的账号？？
2026-04-26T03:32:05-07:00,1,9.28,你继续？,有人骚扰我我举报他不封他反而来警告我？嘿嘿
2026-04-26T03:30:46-07:00,1,9.28,乱封号，傲慢的平台,没有逻辑，就直接乱封永封，还不让申诉
2026-04-26T03:25:43-07:00,1,9.28,莫名其妙禁言和封号,尽量规避了还是突然给封号，说笔记有问题又不告诉你具体哪个笔记有什么问题，申诉无门，纯纯有病。
2026-04-26T02:49:44-07:00,1,9.28,垃圾软件,给一颗星都算高了，苹果凭什么不能打零星
2026-04-26T02:49:06-07:00,4,9.28,四星评价,不错，挺喜欢用的 但请不要无故禁言，尽管并没有不文明用语，谢谢
2026-04-26T02:21:15-07:00,1,9.28,母婴博主莫名其妙被封号,说的可难听，说我一个在月子里的产妇发的剖腹产伤口涉及有偿性服务，我不知道为什么心脏的人看什么都是脏的，有点辱女了哈，卸载了，去隔壁的网易小蜜蜂了
2026-04-26T02:18:30-07:00,1,9.28,永久冻结账号，不给申诉,太垃圾了 莫名其妙封禁
2026-04-26T02:06:01-07:00,5,9.28,挺好的,挺好的
2026-04-26T01:54:46-07:00,1,9.27.1,这个软件成分不明 有很多违背社会思想价值观的内容和帖子 建议严查封禁这个软件,如标题所说 希望严查！趁早封禁这个软件
2026-04-26T01:04:02-07:00,1,9.28,6,为啥好久不上线的号突然告诉我被封了
2026-04-26T00:23:53-07:00,1,9.28,小红书就是垃圾中的垃圾,随随便便禁言，一个破app真把自己当官了？平台上擦边带货虚假视频一堆，引战其实的贴子数不胜数，该管的不管，那么屁大点权利全用普通用户身上了。一个app开始对用户进行服从性测试了？看谁乖乖听你们的话？看评论你们乱禁言乱封号不是个例了，你们不会是觉得用户被你们拿捏了吧？一个平台想靠禁言封号拿捏用户，什么心思？又不是只有小红书一个app可用，不要跟大众装逼
2026-04-26T00:07:48-07:00,1,9.28,绑定成姐妹的身份证号了结果不能换绑,"希望能让我把我自己的实名信息换上去
谢谢"
2026-04-25T23:30:43-07:00,1,9.28,垃圾软件,无缘无故给人封号禁言一点玩的欲望都没有
2026-04-25T22:45:28-07:00,1,9.28,能不能不要再乱封号了,就正常使用账号 平时刷刷帖子 私信正常聊天就莫名其妙被封号 你这评分4.9是刷的吧
2026-04-25T22:43:25-07:00,1,9.28,无缘无故禁言,第一次见到这种平台禁言没有依据想禁就禁想封就封
2026-04-25T22:36:28-07:00,1,9.28,别老是推给我,就是因为不喜欢才卸载的，别总是推给我小红书，真心不喜欢不想用
2026-04-25T22:28:23-07:00,5,9.28,永远不会删,卸载什么我都不会卸载小红书的 搜索面很广 旅游攻略画手抄报什么的都可以找它 还有壁纸微信名头像等等 就算是刷视频也很高质 界面很干净看着让人身心舒畅 就是未成年人为啥不能买东西啊 还有一个小请求就是有一些说话很难听的用户能不能有一个自动识别到一些脏字就马上发不出来的功能啊 希望小红书可以和最开始一样纯净🥹🥹🥹
2026-04-25T22:03:11-07:00,1,9.28,小红书三无直播间举报不了,小作坊生产，欺骗老年人，汉方古典熬制？背景脏乱不堪，怎么还可以直播卖？小红书就这么审核的吗？话术我已经用微信语音识别出来了，请看图，
2026-04-25T21:56:41-07:00,1,9.28,垃圾,不愧是央视点名的平台，只能发一些毒鸡汤，自己的店铺发个转让信息就被封号，想发就得开通企业会员，吃相难看，垃圾中的垃圾
2026-04-25T21:43:38-07:00,3,9.28,占容量太大,占容量太大了，清理完缓存都有1.3G
2026-04-25T20:58:41-07:00,1,9.28,避雷,无原因永久封号，申诉秒拒绝，不知道推荐我申诉有什么意义
2026-04-25T20:55:04-07:00,1,9.28,祝你们这辈子电商都做不起来嘻嘻,自己电商手续费贵操作体验又烂流量也差，只知道天天敏感肌莫名其妙封禁账号，人又不是傻的，不会捏着鼻子用只会直接被恶心走。一个从种草发家的平台现在见不得一点真实种草也是很搞笑了
2026-04-25T20:54:14-07:00,1,9.28,Sb,全他妈是骗子 杂种软件 没有人管
2026-04-25T20:33:40-07:00,5,9.28,🉑️,这个小红书太高级了，我给满分💯
2026-04-25T19:11:56-07:00,5,9.28,内容丰富,以前看小红书满屏白富美，现在贴近生活，更真实可信了。
2026-04-25T19:07:29-07:00,4,9.28,书,可以
2026-04-25T19:06:42-07:00,1,9.28,垃圾,宣传的什么价值观
2026-04-25T19:03:13-07:00,5,9.28,喜欢小红书,没想到小红书这么厉害！
2026-04-25T18:57:37-07:00,5,9.28,英语声廊English Club,Daily Reading
2026-04-25T18:57:02-07:00,1,9.28,把我号还我好吗。,"尊敬的小红书审核团队：您好!我要对小红书后台审核机制提出疑问和投诉。作为一名长期支持和活跃在小红书平台的用户，近半年来遭受到了一系列不合理的审核处理，给我带来了极大的困惑和不满，严重打消了我的创作积极性。一直以来，我发布的内容都是积极向上，分享生活且都是原创作品。然而不知什么原因，突然给我的账号限制了流量，并说账号发布较多不适宜推广的内容。然而我并未收到过任何违规提醒。只有我正常评论了一些帖子，后面收到别人的私信辱骂被拉黑多次我都没有反击，有一次我反骂回去，结果也只是说禁言，结果越到后面我正常使用，结果后面被显示违规高风险封号，我很喜欢小红书我就用另一个号码登陆注册换了一个号使用 结果原本的账号就显示设备被封禁登陆
了，我在申诉的时候我也说明了我在这个平台还是需要完成优质创作的，也希望你们给我一个个机会，而且我保证我会改正，但是申诉了4次后还是无果，注销也注销不掉，询问官方以及后台审核都没有给出具体，明确，清晰，合理的解释，这让我不解，甚至一度怀疑后台审核到底是否公平公正。我花费大量的时间精力创造优质内容，分享个人生活，却一味的被屏蔽，被限流，没有任何具体的理由，得不到公平对待，这让我对小红书很失望。无论是自查还是官方平台都给不出任何具体的违规内容，却莫名其妙的限流屏蔽，让我真的很无奈，给不出具体的违规提示，也让我无法针对性的给出调整和修改。后台审核这种不透明不公正的审核方式严重打击了我的创作积极性以及在小红书平台的体验。我希望小红书审核闭队能重新审视审核标准和流程，提高审核的准确性和。
公正性，对于误判的内容和账号给予及时恢复，并给予用户准确清晰的反馈和指导 期待可以得到贵平台的重视和妥善处理，也希望我的账号官方可以给我早日解封，谢谢!
封我小号就封吧！为什么要把我的整个设备都封了！导致我现在无法使用小红书！"
2026-04-25T18:44:59-07:00,5,9.27.1,不能乱写,不能写
2026-04-25T17:47:44-07:00,1,9.28,随便封账号,随便封账号 还要强行人脸识别 简直就是霸权app 够恶心
2026-04-25T17:44:49-07:00,5,9.28,给你五星好评,多给我点流量吧
2026-04-25T17:44:17-07:00,1,9.28,真心希望小红书官方不要再无缘无故封号了,我💥了
2026-04-25T17:35:01-07:00,1,9.28,封永久 玩什么玩,账号封禁申诉也直接退回
2026-04-25T16:33:02-07:00,5,9.27.1,很方便,好实用啊，有啥子不懂的我都做了
2026-04-25T15:36:21-07:00,5,9.28,服装广告,有广告，有产品，有产品质量介绍，同时有购买连接，不能有光介绍产品，没有购买连接，好多产品看到了👀，没有购买链接。
2026-04-25T10:49:16-07:00,5,9.28,小红书～你生活兴趣社区,小红书的内容涵盖内容广，让人不但能享受生活中的乐趣也能收获成长
2026-04-25T10:30:58-07:00,1,9.28,世界上最恶心app,"作为忠实用户 以前笔记都是秒过的 现在不知道抽什么风 一直在审核中
恶心死了"
2026-04-25T10:04:13-07:00,4,9.28,好,软广有点多 但是其他非常好 总有人解答我的疑惑
2026-04-25T09:40:17-07:00,1,9.28,滚,滚
2026-04-25T09:22:48-07:00,1,9.28,女蛆太多了,女蛆太多了
2026-04-25T08:35:49-07:00,1,9.28,无,就是单纯不喜欢这个名字
2026-04-25T07:49:54-07:00,5,9.28,垃圾,垃圾
2026-04-25T07:24:30-07:00,1,9.28,喜欢乱封号,上一个封一个 我压根就没发帖子！私聊就给我封了。三个手机都是上了封永久卸载谁爱用谁用
2026-04-25T07:24:14-07:00,5,9.28,宠物,"非常全、时尚潮流
年轻态"
2026-04-25T07:05:39-07:00,1,9.27.1,付费推广=花钱买寂寞，平台毫无担当！,付费推广纯坑人，扣钱不推流，客服拒绝退款，承诺的效果保障形同虚设，对用户诉求置之不理，体验感极差，强烈不推荐使用！
2026-04-25T06:57:36-07:00,1,9.28,封号,评论那么多都是无故封号的，小红书你确定不要反思一下自己吗？
2026-04-25T06:52:23-07:00,5,9.28,很好用,非常好用
2026-04-25T06:50:20-07:00,1,9.28,无缘无故封账号,我在小红书里就只点赞了几个就直接封账号 客服一直要实名认证 如果一直这样这个软件迟早会没有人用
2026-04-25T06:38:59-07:00,1,9.28,垃圾app,发个盘串的笔记判违规 说画风不佳引人不适 我又没擦边 盘个串说画风不适你是有啥问题啊
2026-04-25T06:22:17-07:00,1,9.28,很差劲,无缘无故封别人的账号。问题出在哪里，也不知道，连人工电话服务都没有的。请问，你们要做什么蜜汁操作呢，我真的会笑死。什么都没做，账号有问题了。
2026-04-25T06:10:21-07:00,5,9.28,挺喜欢小红书的,希望小红书越来越好
2026-04-25T06:08:31-07:00,5,9.27.1,任何标题,不错
2026-04-25T05:46:52-07:00,5,9.28,蓝猫家水晶珠宝💎,千言万语换作一句，我只需要你
2026-04-25T05:42:55-07:00,2,9.28,小红书限流问题,作品就没超过过5个赞，浏览量过不了10，限流有点严重了吧？这很过分好吗，没人看为什么发作品呢？
2026-04-25T05:38:12-07:00,5,9.28,优质平台,丰富的内容是生活和精神上的延展
2026-04-25T05:37:00-07:00,1,9.28,请小红书不要把不正常的说成正常的,请小红书恢复我的账号流量，让我能搜到以前的笔记，新帖也别限流。请小红书客服不要天天就是正常，优化那套糊弄人的东西。体验感极差，几个软件里面小红书的后台是最恶心的。不推荐任何创作者使用这个软件，你将会收获低回报，天天被恶心的要吐。推荐使用抖音或者ins，请不要下载这个恶心人的软件…
2026-04-25T05:32:23-07:00,1,9.28,封号严重,实名的问题，当初实名的时候没有写明一个使命是不是只能一个账号，最开始的规定是不是这样小红书的运营们应该清楚，另外对于内容违规我能够理解，但是可以说清楚边界吗？是否简单的科普也不可以，好累，用了小红书那么久，真的有点寒心
2026-04-25T05:29:04-07:00,1,9.28,设诉,元里蛋气的，T-shirt and I'm not doing anything
2026-04-25T05:13:56-07:00,1,9.28,适配IOS26，更新频繁，纯刷版本号,这IOS26是一点不适配
2026-04-25T05:12:51-07:00,1,9.28,我,在
2026-04-25T05:02:47-07:00,1,9.28,努力创造，但流量差,不得不说官方真不公平，有很多低质、盗视频、用不正当方式引流的人流量都特别好，而我们这些努力创作的人流量特别差，并且薯毛只对新人好，对我们老用户就不管了
2026-04-25T05:02:27-07:00,1,9.28,孤儿设计，整天要通知权限,如题，垃圾东西！所有权限都给你关了！
2026-04-25T05:00:23-07:00,5,9.28,很不错,继续加油
2026-04-25T04:58:36-07:00,1,9.28,垃圾软件,一星都不想给，动不动封号违规，啥也没干就判定异常，等账号注销就会卸载，
2026-04-25T04:52:50-07:00,1,9.28,无缘无故封号,无缘无故封号
2026-04-25T04:44:15-07:00,5,9.28,红薯,我喜欢小红书
2026-04-25T04:27:41-07:00,3,9.28,请不要无缘无故封禁普通人的账号,我被封禁账号已有两天之久，期间也进行安全检测过，但毫无结果，我真的要质疑一下官方你的封禁制度是否合理，我只是一个普通人！我可以发毒誓，我换手机到把小红书下回来已有两年，在此期间那个账号一直在我手，我一没有说过任何敏感言论，二没有任何违反法律行为，在一个夜晚我正回评论回的好好的，毫无预兆、突然间弹出账号封禁信息，我懵了，真的，我真的希望你们能不能完善一下封禁管理，普通人突然间收到这样的信息只觉得是天降大锅
2026-04-25T04:22:05-07:00,1,9.28,有病一样的小红书,天天违规你爹蛋的
2026-04-25T04:14:40-07:00,1,9.28,小红书最不在乎用户的平台,发什么都莫名其妙判你违规
2026-04-25T04:06:28-07:00,3,9.28,功能增设建议,小红书能不能增加一个离线模式？每次上线之后，都会有一大堆人卡着点过来推销自己的作品，让我给他们的收藏里的作品点赞。如果关闭状态就看不见自己好友在不在线，聊天也不方便，就不能增设一个离线模式吗？这是我用的最不舒服的一点，希望改进。
2026-04-25T04:04:47-07:00,3,9.28,iPad看贴或者视频没有退出键,非常不方便，iPad版看帖子经常都没有退出键，我只能退出整个App重进
2026-04-25T03:47:25-07:00,1,9.28,名字起的好,小红书，就是又小又红又输
2026-04-25T03:44:24-07:00,1,9.28,乱封号连设备都封了?,明明什么都没干某天一上线就给我封了一直申述还不让通过，垃圾软件干脆别干了乐子
2026-04-25T03:28:30-07:00,5,9.28,嗯,嗯
2026-04-25T03:28:04-07:00,1,9.28,审核太烂了,我发的笔记没有任何打广告营销也没有盗图更没有相似文案内容，突然给我判违规然后历史笔记全部隐藏了解封后也不对外展示，申诉感觉就不是人在审，刚提交申诉马上就给我打回来了，都没看完我写的内容吧，差评，真正在打广告营销的怎么不去管
2026-04-25T03:08:43-07:00,5,9.28,小🍠,感谢小红书的流量和推荐！我爱小红书💗💗💗 —起床困难户
2026-04-25T03:00:02-07:00,5,9.28,非常好,宝藏软件 值得应用 各种知识科普视频 我先爱了 推荐的视频都很满意 绿色健康软件 都是热爱生活慢节奏的视频 我真的很喜欢 推荐大家下载
2026-04-25T02:41:22-07:00,5,9.28,小红书,小红书3亿人的生活兴趣爱好聚集地，上小红书免费精彩不断。
2026-04-25T02:23:00-07:00,1,9.28,.,为什么实名认证改不了？
2026-04-25T01:58:56-07:00,1,9.28,小红书管理烂到不行。,老是莫名其妙给人封号，不知道管的这么严格有什么意义，申诉也要隔好久才能重新申诉，有人愿意玩小红书才怪了。
2026-04-25T01:43:19-07:00,1,9.28,什么信息都删，敏感得跟🐔8️⃣一样,"作为信息传递平台，发个一卷民谣的贴都被夹，这么爱被夹我不会去大眼仔那？
——笑死，又来打差评发现上次也发了类似的事情。这次是因为深圳不禁烟🚭"
2026-04-25T01:20:10-07:00,1,9.28,真的反思一下吧,无缘无故封号 没有存在任何违规行为也这样 别太恶心了
2026-04-25T01:14:45-07:00,3,9.28,……,管一管雪月阁和天神宗吧
2026-04-25T01:06:41-07:00,5,9.28,嗯对,很好
2026-04-25T01:03:13-07:00,5,9.28,非常very good,小红书真的非常好用
2026-04-25T00:44:57-07:00,5,9.28,黑王,非常好👍👍👍
2026-04-25T00:26:24-07:00,1,9.28,真没话说小红书在这样无缘无故封号真就没啥人用了,刚创建的账号寻思找个附近的兼职群然后就直接给我封了说我高风险我就想知道这哪里高风险操作了？？？
2026-04-24T23:42:07-07:00,2,9.27.1,被骗子骗钱举报无果,没有对骗子进行任何处罚钱也没有追回
2026-04-24T23:38:10-07:00,1,9.27.1,购物体验很差 其他还行,不推荐不推荐
2026-04-24T23:36:10-07:00,2,9.28,太敏感,做什么都违规
2026-04-24T23:28:58-07:00,1,9.28,无辜封号 感觉自己这平台高贵了呗,无缘无故封号，我的ID号只是我自己的名字之母缩写加上生日，结果它说我ID号违规，我真没招了。你很高贵小红书，我们高攀不起
2026-04-24T23:06:48-07:00,1,9.28,全是乐子女生😂,一堆逆天小仙女😂
2026-04-24T22:49:44-07:00,1,9.28,差劲小红书,长期使用小红书并购物许多，突然给我禁止购物，不让买东西，客服解决不了问题，只会踢皮球！小红书这种谜一样的操作让人心寒！！超级可笑！！
2026-04-24T22:47:53-07:00,1,9.28,不要乱封号,莫名奇妙被封号！
2026-04-24T22:03:49-07:00,2,9.28,女权姐太多了,无缘无故的女拳到处都是
2026-04-24T22:02:55-07:00,1,9.28,无故封号,能不能乱封号了 我啥都没干啥都没发就给我封了
2026-04-24T21:16:42-07:00,1,9.28,戾气很重,打开小红书里面各种骂战 饭圈打架 网暴素人  投诉也无人处理 刷了几天戾气都变重了……
2026-04-24T21:03:19-07:00,1,9.28,最差的购物网站,包庇纵容没有资质的黑心商家，没有营业执照，地址都是虚假信息。纵容擦边黄腔主播开播，毁三观的言论却极力保护，要求友好对待。小红书三观不正，唯利是图，只要能给平台带来利益的就袒护包庇，没有社会责任感，更是把消费者的利益置于脑后。没有消费者就没有你们平台，小红书失民心，不会有未来
2026-04-24T20:35:10-07:00,3,9.28,没有热度！！！,没有热度！！！
2026-04-24T19:52:10-07:00,5,9.28,我喜欢小红书的女性她们很强大,希望能打破信息茧房让Bro看到女性的愤怒
2026-04-24T19:36:49-07:00,5,9.28,内容丰富，但还不够强大,"App内可以轻松的找到自己需要的文化内容，相较于其他软件，这是很大一优势。给用户的体验是以视频的形式呈现，制作精良。容易一言中的，很快就能见得到核心需求的投送。搜索引擎也很强大，输入关键词汇，即可相应找到自己真正匹配的价值取向。主页刷新也很酷，会实时更新最新潮流资讯。

遗憾的是，我还不能从中找到一些类似于哈佛、斯坦福、麻省理工的大师课程的类似讲解。这让酷爱学术科普、交流的我少了些乐趣。

期待更好的小红书！诚挚谢意！"
2026-04-24T19:27:21-07:00,1,9.28,iPad小红书一评论就卡死,iPad小红书一评论就卡死，什么年代还有这么差的产品！不知道是世界第一傻Siri有问题还是小红书本身有问题
2026-04-24T18:57:43-07:00,1,9.27.1,很差,莫名其妙就给违规
2026-04-24T18:51:52-07:00,1,9.28,建议改名小红叔,一个靠女性用户发家的app，爱男到极致。吃相难看。
2026-04-24T18:45:59-07:00,5,9.28,还可以吧,本人是个小学生，就偶尔用小红书去唱歌，所以有没有实名验证用一下？其实不发评论不发帖子用的还是挺好的，随便刷刷音乐剧啊什么的都不错，在上面也可以多学习，学习很有用，就是我也不知道为什么会有那么多人给一心，而且还是4:09。
2026-04-24T18:37:34-07:00,1,9.28,小红书只会捂嘴别用了 早日倒闭,垃圾评论也不让说 不让打一星呵呵呵呵 这个app越来越垃圾了 已经从人人分享生活到了现在别人随意发疯辱骂 我义正严辞指出问题都能被举报封禁 打电话发消息联系客服更是没有一点用 直接被堵死 根本不让向上反馈 垃圾软件 还有最近火起来的新帖子 性别一换身价过万 更是被捂嘴 连正常讨论都不允许了么 女性意识觉醒是碍着你小红书了吗 员工是大小周上班的 用户是没有言论自由 被机器直接误判也没有申诉途径的 什么垃圾软件啊 内部怎么管理的 祝早日到吧
2026-04-24T18:12:26-07:00,1,9.28,敏感肌来的吧,这么爱封号不去当太监可惜了，册封大典少了你们都不行
2026-04-24T16:56:43-07:00,1,9.28,垃圾小红书,强制要求实名制 各种限制 最垃圾的软件 没有之一
2026-04-24T16:48:23-07:00,5,9.27.1,生活兴趣一站式聚集地,以前用小红书用得少，一次偶然机会开始关注小红书，发现上面可以找到兴趣相投的朋友，真的很好用
2026-04-24T16:42:54-07:00,1,9.28,未成年人模式，为什么不可以退出，我想要退出青少年模式。,不想要青少年模式可以退出。
2026-04-24T16:08:00-07:00,2,9.28,表情包！,为什么我只能发原配表情包我收藏表情包为什么发不了！
2026-04-24T15:28:34-07:00,1,9.28,逆天软件,恶心人
2026-04-24T14:45:46-07:00,1,9.28,小红书你不要莫名其妙,半夜醒来禁言，禁止发布什么，正常聊天也不行？互动也不行，那到底什么行
2026-04-24T13:52:30-07:00,1,9.28,小红书你倒闭吧,我什么违规作品都没发，我也没有评论过任何人，我甚至还没有看过别人的帖子，无缘无故给我来个永久封号，你人生是有多不幸啊，见不得别人开心是吧，你的评论区已经全是差评了，还不知道改进，偏要作死，你要是不能干，就赶紧倒闭好吧，啥也不是
2026-04-24T12:41:33-07:00,5,9.28,榕树下的糖水店,汕头糖水店天花板
2026-04-24T12:22:33-07:00,1,9.28,无语，不要乱永久封号,作为一个多年爱小红书的人真的很无语，玩了两三年的小红书，今天莫名其妙就给我封禁了，申诉也没有结果能不能认真明白封号是什么前提下封的你跟我说是广告传销，但是我进30天没有私信，也没有发作品，究竟是为什么？
2026-04-24T11:24:52-07:00,1,9.28,太拉,就是很垃圾，什么玩意
2026-04-24T10:31:01-07:00,1,9.28,中国的社交软件帮着外国黑自己国家,真的是全部中国人的耻辱
2026-04-24T10:08:41-07:00,1,9.28,乱收集信息别下载,我最早玩这个软件的时候就是看看文章什么的，也没在这个平台赚什么钱别的行为最多的就是在帖子下面互动，不知道什么时候开始，这个app就开始收集个人信息，你不实名不能用，请问呢，实名就算了还要你人脸验证，拜托。你这个人脸还是强制性实名，你实名对象针对点在软件上面赚钱的你不去管理，我就一个路人在软件上面随便看看你不强制更新实名还不让使用这个软件了，吃相这么难看。
2026-04-24T09:47:50-07:00,1,9.28,无故禁言,服了平常不怎么用的，今天一上号，嘿，禁言，去找客服又说不出个所以然，我不知道你为什么被禁言，但是你就是被禁言了而且不能改，666
2026-04-24T09:29:02-07:00,1,9.28,莫名其妙限制我部分应用？,有病吧！！活不起了！
2026-04-24T09:00:23-07:00,3,9.28,图片压缩严重,图片大小压缩太严重，上传的图片很模糊
2026-04-24T08:39:55-07:00,5,9.28,好😌,好👌
2026-04-24T08:28:19-07:00,5,9.28,返回时卡顿,在使用mac时，打开笔记三指后退时会有卡顿
2026-04-24T08:00:42-07:00,1,9.28,不要无缘无故禁言,发了一个很正常的作品 ，平台却说违规，而且已经发生过很多次了，一个很正常的作品被说成违规，而且禁言，禁言的时候我发了一个作品直接封号了，这一次次的对我们的耐心打磨
2026-04-24T08:00:07-07:00,2,9.28,别封号,好烦
2026-04-24T06:59:31-07:00,1,9.28,垃圾app 审核瞎审,全是诈骗犯也不管 60万卖学位的举报也没用
2026-04-24T06:30:21-07:00,2,9.28,偷偷更新，更的一坨,拉一大坨
2026-04-24T05:48:36-07:00,1,9.28,一个无缘无故的平台,这是一个无缘无故莫名其妙就会将你限流，屏蔽你账号发布的帖子、评论的平台。规则不透明，用户完全被平台戏耍。祝你们早日凉透吧
2026-04-24T05:40:00-07:00,1,9.28,无故封号,必须身份验证，不然不给号
2026-04-24T05:22:06-07:00,1,9.28,。。。,不要总是封号…
2026-04-24T05:16:23-07:00,5,9.28,整体来说很不错的,画面优美 喜欢看 爱看的 挺好用的app
2026-04-24T05:09:34-07:00,3,9.28,苹果iPad,首先苹果iPad发不了表情包，然后不能点好，有时候评论还会出bug，就是评论被截掉一部分，然后退出再进去就又好了，能不能修修？
2026-04-24T05:04:55-07:00,2,9.28,能不能管管转转矩阵号啊,现在小红书的评论区没有真人了，全被转转xxx的转转矩阵号攻陷了…
2026-04-24T04:32:15-07:00,5,9.28,挺好的,好👌！！！！！！！！
2026-04-24T04:30:23-07:00,1,9.28,监管技术不行客服也不行 一坨,监管技术很垃圾，误封还申诉不了。从来没有评论过App，这次气炸了，很好奇这个app是怎么生存下去的，赶紧倒闭吧！一辈子不用！
2026-04-24T04:25:11-07:00,1,9.28,垃圾,垃圾，汉奸
2026-04-24T03:53:25-07:00,1,9.27.1,垃圾,非常垃圾，没有人情味
2026-04-24T03:38:00-07:00,3,9.28,😅,不打开app还不能看到全部的图了😅
2026-04-24T03:15:55-07:00,5,9.28,好,不错
2026-04-24T02:32:08-07:00,5,9.27.1,阿猫阿狗向前冲,太棒了
2026-04-24T02:03:17-07:00,1,9.28,小红书,我的小红书账号被封！找也找不回来，申诉也是机器人回复↩️没有什么意义
2026-04-24T01:40:23-07:00,1,9.28,没人想看你推荐的精选视频,我用小红书不就是为了刷我自己感兴趣的，有什么我想知道的我就自己搜了，瞎给我推什么热点视频，有些主题看了都恶心
2026-04-24T01:30:17-07:00,5,9.28,优质小红书,优质小红书，我的最爱😍
2026-04-24T01:29:25-07:00,5,9.28,好看😍,好吃的美食挺多的   好看的美甲  美景哈哈哈干活
2026-04-24T01:24:15-07:00,1,9.28,莫名其妙,审核机制莫名其妙
2026-04-24T01:11:17-07:00,5,9.28,健身养生,很喜欢颈脖然这样的博主 没那么多里格楞 上来就几个动作引论领 非常有效率
2026-04-24T01:04:29-07:00,1,9.28,好样的,莫名其妙就会被封被警告被禁言，我必须给个一星好评支持一下
2026-04-24T00:37:57-07:00,1,9.28,小红书狗东西,小红书，NMGGB，给你打一分都是高看你。动不动无辜封号。
2026-04-24T00:30:25-07:00,1,9.28,违规收集信息,莫名其妙就给我封号了，非要我实名认证，还让我人脸认证，手机号不能认证吗，明明手机号就能解决的事，非要收集我的人脸信息，一点都不尊重我的隐私，不知道要拿我的人脸信息去干什么。我问为啥封我的号也说不出来。
2026-04-24T00:18:23-07:00,5,9.28,可以连播了真不错,ipad收藏列表连播！！！！plz
2026-04-24T00:11:36-07:00,5,9.28,很棒很棒,满分
2026-04-23T23:19:09-07:00,4,9.28,点击发现页视频内容就会无故闪退,以前从没出现过这种状况，这两天只要点击发现页的视频内容就会闪退，希望能尽快修复。
2026-04-23T22:50:32-07:00,1,9.28,请列举说明具体哪里违规了,莫名其妙 根本不清楚自己哪里违规了 就被禁言 禁发布 申诉直接拒绝 直接卸载 搞得多🐂🍻一样
2026-04-23T22:50:18-07:00,1,9.28,挺垃圾的 莫名奇妙的就永久封号,垃圾
2026-04-23T22:20:53-07:00,1,9.28,小红书总是莫名其妙违规,好多次这样了，莫名其妙就违规，给了一堆违规的条款，然后又不说清楚是哪条。每次我都是正常社区交流评论，突然就会有一天莫名其妙说我违规，点进去又看不懂，永远都看不懂那些违规的原因，说的很官方又很多话！！真是无语，然后找客服，客服又说给我反馈一下，反馈了个寂寞，也一点用都没有！！！就是违规了就是违规了也不给我个具体理由！！
2026-04-23T22:19:50-07:00,1,9.28,永久封号,不让申诉 申诉一直不通过 说什么用常用设备处理 我就只有这个设备我去哪里找别的设备来处理 用你们平台多少年了 难道要找出我以前用的手机来处理吗 手机都坏了卖了 我去哪里找你告诉我 登录设备里也只有我本人目前用的设备 我去哪里找什么所谓的常用设备来 联系客服说什么她们安全系统检测疑似我不是本人 那我是谁 我不是我 那我是谁 真的莫名其妙 我还得证明我是我自己 主要是都没有地方给我证明 就说疑似我不是本人 不给我申诉账号 你疑似你都不确认一下吗 用了这么多年了 客服客服回信息慢得很
2026-04-23T22:10:51-07:00,1,9.28,小红书凭什么无缘无故封禁账号,为什么不允许封号后注销，注销后凭什么扣留用户信息，国家都不会随意判死刑，小红书就这么霸道吗？没关系，等着你们越做越烂。
2026-04-23T21:43:44-07:00,5,9.28,喜欢,good
2026-04-23T21:24:18-07:00,1,9.28,账号违规审核不严谨,不懂该产品封号的依据在哪里，有些低俗、刷单、什么乱七八糟的内容的账号不整改，却莫名其妙对一些新号，无过激言论的账号进行封号处理，询问客服违规依据、资料却找不到具体违规点，说是根据该产品的工作经验而进行对账号筛选并加以封号处理。真的是无语至极！！
2026-04-23T21:20:07-07:00,1,9.28,wbxl,怎么无缘无故封号😓
2026-04-23T20:55:37-07:00,5,9.28,太多盗图抄袭者 举报也没用,report三次和有明确的proof 但是没有任何对盗窃者处罚或删除盗图搬运的笔记 service也是keep on talking nonsense there is no bottom line on rednote hooray!!! everybody put u hands up💃💃
2026-04-23T20:33:03-07:00,1,9.28,大问题,设置 问题 客服 购物客服 查购物货运信息 完全都没办法使用 说工程师在抢走 可是我朋友的xhs 都可以用。 我把苹果最新IOS 都安装了 卸载了好多次 都没办法！
2026-04-23T20:23:56-07:00,5,9.27.1,完美,非常非常喜欢
2026-04-23T19:55:49-07:00,1,9.27.1,无理由无证据封禁账号！收集人脸信息,想不到没有金融功能和政府功能的社交APP有什么理由需要采集人脸生物信息！不实名就强制永久封禁！
2026-04-23T19:48:47-07:00,1,9.27.1,田园女权,就是这种**软件，在肆无忌惮的培养着扭曲的社会价值观，让一堆**女性在里面土嗨，影响一些正常人的心智，不封禁等着毁了这些人么
2026-04-23T19:43:36-07:00,4,9.27.1,能不能出个消息批量删除啊！,一个个删除太麻烦了要好久好久！
2026-04-23T18:24:08-07:00,1,9.27.1,莫名其妙封号,会监控你的聊天记录 然后自行给你封号 我跟我对象聊天 它直接给我封号了666
2026-04-23T17:57:54-07:00,1,9.27.1,女生，特别是小女生不能玩的软件,三观不正
2026-04-23T17:42:23-07:00,5,9.27.1,倒闭吧 破产吧,一点事都没有就给别人账号处罚 工作人员全是傻的 一群吃白饭的 不负责任的都是s
2026-04-23T11:15:56-07:00,1,9.27.1,审核政策和客服组还不打算整改吗？,既然隐私设置支持用户设置为不允许他人评论，但此用户可以随意给其他人评论。那么你们的举报机制就应该跟到位。现在有部分用户利用这样的隐私设置，在平台上到处主动评论随意辱骂他人。而被骂的人无法回复他。这种评论，你们支持他发布出来已经很逆天了，举报多次还举报不成功更是逆天。你们的客服更是永远只会回复一模一样的话术，不实际解决问题。人工客服和智能客服没什么区别。在用户体验上做的差劲至极。
2026-04-23T10:38:36-07:00,5,9.27.1,挺好,可以
2026-04-23T10:34:15-07:00,1,9.27.1,为什么账号会被另一个账号连带注销,我昨天小号上登录着，想注销账户，不知道为什么连带着我的大号也注销了，没有显示注销，可以艾特出来可私信可评论  ，但是没法登录，再登录那个手机号就是新号了，就是我现在的账号，这是为什么?
2026-04-23T09:49:27-07:00,1,9.27.1,辣鸡软件,辣鸡软件
2026-04-23T08:55:23-07:00,1,9.27.1,不要封号啦,无故封号啊
2026-04-23T08:44:46-07:00,1,9.27.1,为什么要有自动更新的功能？,请给出能够关闭自动更新的选择
2026-04-23T08:43:19-07:00,1,9.27.1,不明白为什么老是限流,"很喜欢小红书，一直用着，但是之前有一次猫猫生病了，下面有网友支招，猫猫好了之后我统一回复治好了，只是说用了什么类型的药，想把方法教给更多的毛孩子家长，又没有说牌子就说我虚假宣传什么的，我及时把那条统一回复的评论删了也没用，然后封了一周号，申诉也没用，之后就一直限流，刷到那些很明显一看就是打广告的笔记反而没事，不懂这个封号机制
还有没设置性别之前登陆主页就总推荐擦边什么的，像个巨大的鸡窝，等自己设置好性别之后慢慢养号主页推荐才是那种girls help girls 的画风。
那么多擦边引流号不封，封我这个正常用户，我用这么久了，这次真的很失望
二编：又一次平白无故给我封号了，真是气笑了，你们小红书的审核机制就是每天随机封用户的号吗，该封的引流擦边不封"
2026-04-23T08:31:45-07:00,1,9.27.1,没有提示就屏蔽帖子,不给任何理由，没有任何提示
2026-04-23T08:31:05-07:00,1,9.27.1,什么时候彻底开放评论多图？iPad版本也没有表情包功能,嗯
2026-04-23T08:20:30-07:00,1,9.27.1,为什么莫名其妙封我账号,我真服了为什么实名认证还不够还要扫脸 本来就是未成年居多你还搞这种鬼东西 我就改了个简介就给我封号了是有毛病吗 真的是受够了要不是我喜欢的创作者在小红书上我就给你卸载了你不能发作品就不发 你禁言是啥意思 本来可以和朋友好好互动的就都被你毁了烦死了😡
2026-04-23T08:14:02-07:00,1,9.27.1,垃圾,垃圾软件
2026-04-23T07:11:16-07:00,5,9.27.1,O,O
2026-04-23T06:57:32-07:00,1,9.27.1,关于评论,经常把别人的评论禁掉
2026-04-23T06:44:55-07:00,5,9.27.1,实用,非常好用的
